"id","name","time_parameter","binsize_minutes","stream_type","stream_content","description"
"15","presf_tide_measurement","7","1440","Science","Tide Measurement Data Products","Science Tide Measurement Data Products"
"16","presf_operating_status","7","1440","Engineering","Status Data","Engineering Status Data"
"17","presf_calibration_coefficients","7","20160","Engineering","Calibration Data","Engineering Calibration Data"
"23","ctdbp_no_sample","7","1440","Science","Data Products","Science Data Products"
"24","ctdbp_no_hardware","7","20160","Engineering","Hardware Data","Engineering Hardware Data"
"25","ctdbp_no_calibration_coefficients","7","20160","Engineering","Calibration Data","Engineering Calibration Data"
"26","ctdbp_no_status","7","20160","Engineering","Status Data","Engineering Status Data"
"27","ctdbp_no_configuration","7","20160","Engineering","Configuration Data","Engineering Configuration Data"
"28","parad_sa_sample","7","720","Science","Data Products","Science Data Products"
"31","prest_real_time","7","20160","Science","Data Products","Science Data Products"
"32","prest_reference_oscillator","7","10080","Engineering","Reference Oscillator Data","Engineering Reference Oscillator Data"
"33","prest_configuration_data","7","20160","Engineering","Configuration Data","Engineering Configuration Data"
"34","prest_device_status","7","20160","Engineering","Device Status","Engineering Device Status"
"35","prest_event_counter","7","20160","Engineering","Event Counter Data","Engineering Event Counter Data"
"36","prest_hardware_data","7","20160","Engineering","Hardware Data","Engineering Hardware Data"
"41","phsen_control_record","7","20160",NULL,NULL,NULL
"43","pco2w_b_dev1_data_record","7","20160","Engineering","Dev1 Data","Engineering Dev1 Data"
"44","pco2w_a_regular_status","7","20160","Engineering","Status Data","Engineering Status Data"
"45","pco2w_a_configuration","7","20160","Engineering","Configuration Data","Engineering Configuration Data"
"47","trhph_sample","7","10080","Science","Data Products","Science Data Products"
"56","vel3d_cd_hardware_configuration","7","20160","Engineering","Hardware Configuration","Engineering Hardware Configuration"
"57","vel3d_cd_head_configuration","7","20160","Engineering","Header Configuration","Engineering Header Configuration"
"58","vel3d_cd_user_configuration","7","20160","Engineering","User Configuration","Engineering User Configuration"
"61","optaa_sample","7","720","Science","Data Products","Science Data Products"
"62","optaa_status","7","20160","Engineering","Status Data","Engineering Status Data"
"64","tmpsf_sample","7","10080","Science","Data Products","Science Data Products"
"65","tmpsf_engineering","7","20160","Engineering","Data","Engineering Data"
"67","vel3d_b_sample","7","1440","Science","Data Products","Science Data Products"
"68","vel3d_b_engineering","7","20160","Engineering","Data","Engineering Data"
"70","adcp_pd0_earth_parsed","7","1440","Science","Data Products",NULL
"71","adcp_pd12_parsed","7","1440",NULL,NULL,NULL
"72","adcp_waves_parsed","7","1440",NULL,NULL,NULL
"73","adcp_compass_calibration","7","20160","Calibration","Compass Data","Calibration Compass Data"
"74","adcp_system_configuration","7","20160","Engineering","System Configuration Data","Engineering System Configuration Data"
"75","vel3d_cd_data_header","7","20160","Engineering","Data Header","Engineering Data Header"
"76","vel3d_cd_velocity_data","7","360","Science","Data Products","Science Data Products"
"77","vel3d_cd_system_data","7","1440","Engineering","System Data","Engineering System Data"
"78","vel3d_clock_data","7","20160","Engineering","Clock Data","Engineering Clock Data"
"79","vel3d_cd_battery_voltage","7","20160","Engineering","Battery Voltage","Engineering Battery Voltage"
"80","vel3d_cd_identification_string","7","20160","Engineering","Identification String","Engineering Identification String"
"84","presf_wave_burst","7","1440","Science","Wave Burst Data Products","Science Wave Burst Data Products"
"85","presf_wave_statistics","7","1440","Science","Wave Statistics Data Products","Science Wave Statistics Data Products"
"87","botpt_nano_sample","7","180","Science","NANO Sensor Data Products","Science NANO Sensor Data Products"
"88","botpt_lily_sample","7","1440","Science","LILY Sensor Data Products","Science LILY Sensor Data Products"
"89","botpt_iris_sample","7","1440","Science","IRIS Sensor Data Products","Science IRIS Sensor Data Products"
"90","botpt_heat_sample","7","4320","Science","HEAT Sensor Data Products","Science HEAT Sensor Data Products"
"108","adcp_pd0_beam_parsed","7","1440","Science","Data Products",NULL
"111","pco2w_a_control_record","7","1440","Engineering","Control Record","Engineering Control Record"
"112","phsen_data_record","7","20160","Science","Data Products","Science Data Products"
"114","phsen_regular_status","7","20160","Engineering","Status Data","Engineering Status Data"
"115","phsen_configuration","7","20160","Engineering","Configuration Data","Engineering Configuration Data"
"121","pco2a_a_dcl_instrument_air","7","20160","Science","In-Air Data Products (DCL)","Science In-Air Data Products (DCL)"
"122","pco2a_a_dcl_instrument_water","7","20160","Science","In-Water Data Products (DCL)","Science In-Water Data Products (DCL)"
"124","metbk_sample","7","1440",NULL,NULL,NULL
"125","metbk_status","7","20160","Engineering","Status Data","Engineering Status Data"
"126","rasfl_sample_result","7","20160","Engineering","Pump Status","Engineering Pump Status"
"128","d1000_sample","7","10080","Science","Data Products","Science Data Products"
"129","ppsdn_sample_result","7","20160","Engineering","Pump Status","Engineering Pump Status"
"131","spkir_data_record","7","180","Science","Data Products","Science Data Products"
"133","flort_d_data_record","7","1440","Science","Data Products","Science Data Products"
"152","phsen_parsed","7","1440",NULL,NULL,NULL
"153","ctdpf_ckl_wfp_instrument","7","10080","Science","Data Products","Science Data Products"
"154","ctdpf_ckl_wfp_metadata","7","20160","Engineering","Metadata","Engineering Metadata"
"155","dofst_k_wfp_instrument","7","10080","Science","Data Products","Science Data Products"
"156","dofst_k_wfp_metadata","7","20160","Engineering","Metadata","Engineering Metadata"
"157","flort_kn_stc_imodem_instrument","7","1440","Science","Data Products (STC)","Science Data Products (STC)"
"158","parad_k__stc_imodem_instrument","7","20160","Science","Data Products (STC)","Science Data Products (STC)"
"159","wfp_eng_stc_imodem_status","7","20160","Engineering","STC Inductive Modem Status","Engineering STC Inductive Modem Status"
"160","wfp_eng_stc_imodem_engineering","7","20160","Engineering","STC Inductive Modem Data","Engineering STC Inductive Modem Data"
"161","rte_o_dcl_instrument","7","20160","Engineering","Radar Target Enhancer Data (DCL)","Engineering Radar Target Enhancer Data (DCL)"
"162","mopak_o_dcl_accel","7","180","Engineering","Accelerometer Data (DCL)","Engineering Accelerometer Data (DCL)"
"163","mopak_o_dcl_rate","7","1440","Engineering","Rate Data (DCL)","Engineering Rate Data (DCL)"
"164","vel3d_k_wfp_stc_instrument","7","10080","Science","Data Products (STC)","Science Data Products (STC)"
"165","vel3d_k_wfp_stc_metadata","7","20160","Engineering","Metadata (STC)","Engineering Metadata (STC)"
"167","adcps_jln_stc_metadata","7","20160","Engineering","Metadata (STC)","Engineering Metadata (STC)"
"168","wfp_eng_stc_imodem_start_time","7","20160","Engineering","STC Inductive Modem Start Time","Engineering STC Inductive Modem Start Time"
"170","vel3d_k_wfp_instrument","7","4320","Science","Data Products","Science Data Products"
"171","ctdgv_m_glider_instrument","7","20160","Science","Data Products","Science Data Products"
"172","dosta_abcdjm_glider_instrument","7","20160","Science","Data Products","Science Data Products"
"173","dosta_abcdjm_glider_recovered","7","4320","Science","Data Products","Science Data Products"
"174","flord_m_glider_instrument","7","20160","Science","Data Products","Science Data Products"
"175","flort_m_glider_instrument","7","1440","Science","Data Products","Science Data Products"
"176","flort_m_glider_recovered","7","1440","Science","Data Products","Science Data Products"
"177","parad_m_glider_instrument","7","20160","Science","Data Products","Science Data Products"
"178","parad_m_glider_recovered","7","360","Science","Data Products","Science Data Products"
"179","glider_eng_telemetered","7","1440","Engineering","Data","Engineering Data"
"180","glider_eng_recovered","7","1440","Engineering","Data","Engineering Data"
"181","glider_eng_sci_telemetered","7","20160","Engineering","Science Status Data","Engineering Science Status Data"
"182","glider_eng_metadata","7","20160","Engineering","Metadata","Engineering Metadata"
"183","glider_eng_sci_recovered","7","20160","Engineering","Science Status Data","Engineering Science Status Data"
"184","cg_stc_eng_stc","7","20160","Engineering","STC Controller Status Data","Engineering STC Controller Status Data"
"186","dosta_ln_wfp_instrument","7","20160","Science","Data Products","Science Data Products"
"187","dosta_ln_wfp_sio_instrument","7","1440",NULL,NULL,NULL
"188","flord_l_wfp_instrument","7","20160","Science","Data Products","Science Data Products"
"189","flord_l_wfp_sio_instrument","7","1440",NULL,NULL,NULL
"190","ctdpf_ckl_wfp_sio_mule_metadata","7","20160","Engineering","Glider Mule Metadata","Engineering Glider Mule Metadata"
"191","trhph_status","7","20160","Engineering","Status Data","Engineering Status Data"
"192","flort_d_status","7","10080","Engineering","Status Data","Engineering Status Data"
"193","glider_eng_metadata_recovered","7","20160","Engineering","Metadata","Engineering Metadata"
"194","spkir_a_configuration_record","7","20160","Engineering","Configuration Record Data","Engineering Configuration Record Data"
"195","sami_regular_status","7","1440",NULL,NULL,NULL
"196","phsen_battery_voltage","7","20160","Engineering","Battery Voltage","Engineering Battery Voltage"
"197","phsen_thermistor_voltage","7","20160","Engineering","Thermistor Voltage","Engineering Thermistor Voltage"
"300","sio_eng_control_status","7","20160","Engineering","Control Status Data","Engineering Control Status Data"
"301","adcps_jln_sio_mule_instrument","7","1440","Science","Glider Mule Data Products","Science Glider Mule Data Products"
"302","adcp_ancillary_system_data","7","20160","Engineering","Ancillary System Data","Engineering Ancillary System Data"
"303","adcp_transmit_path","7","20160","Engineering","Transmit Path Data","Engineering Transmit Path Data"
"304","botpt_lily_leveling","7","20160","Calibration","LILY Leveling Data","Calibration LILY Leveling Data "
"306","botpt_status","7","20160","Engineering","Instrument Status","Engineering Instrument Status"
"307","thsph_sample","7","1440","Science","Data Products","Science Data Products"
"308","vel3d_k_wfp_string","7","1440","Engineering","String Data","Engineering String Data"
"309","vel3d_k_wfp_metadata","7","20160","Engineering","Metadata","Engineering Metadata"
"310","ctdmo_ghqr_imodem_instrument","7","20160","Science","Data Products (Inductive Modem)","Science Data Products (Inductive Modem)"
"311","ctdmo_ghqr_imodem_instrument_recovered","7","20160","Science","Data Products (Inductive Modem)","Science Data Products (Inductive Modem)"
"312","phsen_abcdef_sio_mule_instrument","7","20160","Science","Glider Mule Data Products","Science Glider Mule Data Products"
"313","phsen_abcdef_sio_mule_metadata","7","20160","Engineering","Glider Mule Metadata","Engineering Glider Mule Metadata"
"314","vel3d_l_wfp_instrument","7","1440","Science","Data Products","Science Data Products"
"315","vel3d_l_wfp_sio_mule_metadata","7","20160","Engineering","Glider Mule Metadata","Engineering Glider Mule Metadata"
"316","wfp_eng_wfp_sio_mule_start_time","7","20160",NULL,NULL,"Engineering Glider Mule Start Time"
"317","wfp_eng_wfp_sio_mule_status","7","20160",NULL,NULL,"Engineering Glider Mule Status"
"318","wfp_eng_wfp_sio_mule_engineering","7","20160",NULL,NULL,"Engineering Glider Mule Data"
"319","adcps_jln_stc_instrument","7","20160","Science","Data Products (STC)","Science Data Products (STC)"
"321","velpt_hardware_configuration","7","20160","Engineering","Hardware Configuration","Engineering Hardware Configuration"
"322","velpt_head_configuration","7","20160","Engineering","Head Configuration","Engineering Head Configuration"
"323","velpt_user_configuration","7","20160","Engineering","Configuration Data","Engineering Configuration Data"
"324","velpt_data_header","7","1440",NULL,NULL,NULL
"325","velpt_velocity_data","7","720","Science","Data Products","Science Data Products"
"326","velpt_system_data","7","1440",NULL,NULL,NULL
"327","velpt_clock_data","7","20160","Engineering","Clock Data","Engineering Clock Data"
"328","velpt_battery_voltage","7","20160","Engineering","Battery Voltage","Engineering Battery Voltage"
"329","velpt_identification_string","7","20160","Engineering","Identification String","Engineering Identification String"
"330","ctdpf_optode_sample","7","1440","Science","Optode Data Products","Science Optode Data Products"
"331","ctdpf_optode_hardware","7","20160","Engineering","Optode Hardware Data","Engineering Optode Hardware Data"
"332","ctdpf_optode_calibration_coefficients","7","20160","Engineering","Optode Calibration Data","Engineering Optode Calibration Data"
"333","ctdpf_optode_status","7","20160","Engineering","Optode Status Data","Engineering Optode Status Data"
"334","ctdpf_optode_configuration","7","20160","Engineering","Optode Configuration Data","Engineering Optode Configuration Data"
"335","ctdpf_optode_settings","7","20160","Engineering","Optode Settings","Engineering Optode Settings"
"336","ctdbp_no_optode_settings","7","20160","Engineering","Optode Settings","Engineering Optode Settings"
"337","ctdpf_sbe43_sample","7","720","Science","Data Products","Science Data Products"
"338","ctdpf_sbe43_hardware","7","20160","Engineering","Hardware Data","Engineering Hardware Data"
"339","ctdpf_sbe43_calibration_coefficients","7","20160","Engineering","Calibration Data","Engineering Calibration Data"
"340","ctdpf_sbe43_status","7","20160","Engineering","Status Data","Engineering Status Data"
"341","ctdpf_sbe43_configuration","7","20160","Engineering","Configuration Data","Engineering Configuration Data"
"342","nutnr_a_sample","7","1440","Science","Data Products","Science Data Products"
"343","nutnr_a_status","7","20160","Engineering","Status Data","Engineering Status Data"
"344","nutnr_a_test","7","20160","Engineering","Test Data","Engineering Test Data"
"345","massp_mcu_status","7","20160","Engineering","MCU Status Data","Engineering MCU Status Data"
"346","massp_turbo_status","7","20160","Engineering","Turbopump Status Data","Engineering Turbopump Status Data"
"347","massp_rga_status","7","20160","Engineering","RGA Status Data","Engineering RGA Status Data"
"348","massp_rga_sample","7","1440","Science","Data Products","Science Data Products"
"349","hpies_data_header","7","20160","Science","Data Header","Science Data Header"
"350","horizontal_electric_field","7","1440","Science","Horizontal Electric Field Data Products","Science Horizontal Electric Field Data Products"
"351","motor_current","7","10080","Engineering","Motor Current Data","Engineering Motor Current Data"
"352","calibration_status","7","10080","Engineering","Calibration Status","Engineering Calibration Status"
"353","hpies_status","7","20160","Engineering","Status Data","Engineering Status Data"
"354","echo_sounding","7","20160","Science","Data Products","Science Data Products"
"355","ies_status","7","1440","Engineering","Status Data","Engineering Status Data"
"356","stm_timestamp","7","1440","Engineering","STM Timestamp Data","Engineering STM Timestamp Data"
"357","vadcp_5thbeam_pd0_beam_parsed","7","1440","Science","Data Products",NULL
"358","vadcp_5thbeam_compass_calibration","7","20160","Calibration","Data",NULL
"359","pco2w_b_thermistor_voltage","7","20160","Engineering","Thermistor Voltage","Engineering Thermistor Voltage"
"361","pco2w_b_battery_voltage","7","20160","Engineering","Battery Voltage","Engineering Battery Voltage"
"362","pco2w_b_configuration","7","20160","Engineering","Configuration Data","Engineering Configuration Data"
"363","pco2w_b_regular_status","7","20160","Engineering","Status Data","Engineering Status Data"
"364","pco2w_b_control_record","7","1440","Engineering","Control Record","Engineering Control Record"
"366","pco2w_a_thermistor_voltage","7","20160","Engineering","Thermistor Voltage","Engineering Thermistor Voltage"
"367","pco2w_a_battery_voltage","7","20160","Engineering","Battery Voltage","Engineering Battery Voltage"
"368","parad_sa_config","7","20160","Engineering","Configuration Data","Engineering Configuration Data"
"370","vadcp_4beam_system_configuration","7","20160","Engineering","Data",NULL
"371","vadcp_5thbeam_system_configuration","7","20160","Engineering","Data",NULL
"372","vadcp_ancillary_system_data","7","20160","Engineering","Data",NULL
"373","vadcp_transmit_path","7","20160","Engineering","Data",NULL
"376","ctdgv_m_glider_instrument_recovered","7","4320","Science","Data Products","Science Data Products"
"377","flord_m_glider_instrument_recovered","7","720","Science","Data Products","Science Data Products"
"379","camds_image_metadata","7","20160","Engineering","Image Metadata","Engineering Image Metadata"
"380","camds_health_status","7","20160","Engineering","Health Status Data","Engineering Health Status Data"
"381","camds_disk_status","7","20160","Engineering","Disk Status Data","Engineering Disk Status Data"
"382","zplsc_status","7","20160",NULL,NULL,"Engineering Instrument Status"
"383","vadcp_pd0_beam_parsed","7","10080","Science","Data Products",NULL
"384","pco2w_a_sami_data_record","7","20160","Science","Data Products","Science Data Products"
"385","pco2w_b_sami_data_record","7","20160","Science","Data Products","Science Data Products"
"386","ctdpf_ckl_wfp_instrument_recovered","7","10080","Science","Data Products","Science Data Products"
"387","ctdpf_ckl_wfp_metadata_recovered","7","20160","Engineering","Metadata","Engineering Metadata"
"388","dofst_k_wfp_instrument_recovered","7","10080","Science","Data Products","Science Data Products"
"389","dofst_k_wfp_metadata_recovered","7","20160","Engineering","Metadata","Engineering Metadata"
"390","parad_k__stc_imodem_instrument_recovered","7","20160","Science","Data Products (STC)","Science Data Products (STC)"
"391","wfp_eng_stc_imodem_start_time_recovered","7","20160","Engineering","STC Inductive Modem Start Time","Engineering STC Inductive Modem Start Time"
"392","wfp_eng__stc_imodem_status_recovered","7","1440",NULL,NULL,NULL
"393","wfp_eng_stc_imodem_engineering_recovered","7","20160","Engineering","STC Inductive Modem Data","Engineering STC Inductive Modem Data"
"394","flort_kn_stc_imodem_instrument_recovered","7","1440","Science","Data Products (STC)","Science Data Products (STC)"
"395","cg_stc_eng_stc_recovered","7","20160","Engineering","STC Controller Status Data","Engineering STC Controller Status Data"
"396","mopak_o_dcl_accel_recovered","7","180","Engineering","Accelerometer Data (DCL)","Engineering Accelerometer Data (DCL)"
"397","mopak_o_dcl_rate_recovered","7","1440","Engineering","Rate Data (DCL)","Engineering Rate Data (DCL)"
"398","rte_o_dcl_instrument_recovered","7","20160","Engineering","Radar Target Enhancer Data (DCL)","Engineering Radar Target Enhancer Data (DCL)"
"399","nutnr_b_dcl_full_instrument","7","20160","Science","Full ASCII Data Products (DCL)","Science Full ASCII Data Products (DCL)"
"400","nutnr_b_dcl_full_instrument_recovered","7","10080","Science","Full ASCII Data Products (DCL)","Science Full ASCII Data Products (DCL)"
"401","nutnr_b_dcl_full_metadata","7","20160","Engineering","Full ASCII Metadata (DCL)","Engineering Full ASCII Metadata (DCL)"
"402","nutnr_b_dcl_full_metadata_recovered","7","20160","Engineering","Full ASCII Metadata (DCL)","Engineering Full ASCII Metadata (DCL)"
"403","pco2w_a_sami_data_record_cal","7","20160","Engineering","Calibration Data","Engineering Calibration Data"
"404","pco2w_b_sami_data_record_cal","7","20160","Engineering","Calibration Data","Engineering Calibration Data"
"405","wfp_eng_stc_imodem_status_recovered","7","20160","Engineering","STC Inductive Modem Status","Engineering STC Inductive Modem Status"
"406","flort_dj_dcl_instrument","7","10080","Science","Data Products (DCL)","Science Data Products (DCL)"
"407","flort_dj_dcl_instrument_recovered","7","10080","Science","Data Products (DCL)","Science Data Products (DCL)"
"408","metbk_a_dcl_instrument","7","20160","Science","Data Products (DCL)","Science Data Products (DCL)"
"409","metbk_a_dcl_instrument_recovered","7","20160","Science","Data Products (DCL)","Science Data Products (DCL)"
"410","dosta_abcdjm_dcl_instrument","7","10080","Science","Data Products (DCL)","Science Data Products (DCL)"
"411","dosta_abcdjm_dcl_instrument_recovered","7","10080","Science","Data Products (DCL)","Science Data Products (DCL)"
"412","spkir_abj_dcl_instrument","7","10080","Science","Data Products (DCL)","Science Data Products (DCL)"
"413","spkir_abj_dcl_instrument_recovered","7","4320","Science","Data Products (DCL)","Science Data Products (DCL)"
"414","phsen_abcdef_instrument","7","20160","Science","Data Products","Science Data Products"
"415","phsen_abcdef_metadata","7","20160","Engineering","Metadata","Engineering Metadata"
"416","pco2w_abc_instrument","7","20160","Science","Data Products","Science Data Products"
"417","pco2w_abc_instrument_blank","7","1440","Science","Instrument Blank Data","Science Instrument Blank Data"
"418","pco2w_abc_metadata","7","1440","Engineering","Metadata","Engineering Metadata"
"419","pco2w_abc_power","7","1440","Engineering","Power Data","Engineering Power Data"
"420","pco2w_abc_dcl_instrument","7","20160","Science","Data Products (DCL)","Science Data Products (DCL)"
"421","pco2w_abc_dcl_instrument_recovered","7","20160","Science","Data Products (DCL)","Science Data Products (DCL)"
"422","pco2w_abc_dcl_instrument_blank","7","20160","Science","Instrument Blank Data (DCL)","Science Instrument Blank Data (DCL)"
"423","pco2w_abc_dcl_instrument_blank_recovered","7","20160","Science","Instrument Blank Data (DCL)","Science Instrument Blank Data (DCL)"
"424","pco2w_abc_dcl_metadata","7","20160","Engineering","Metadata (DCL)","Engineering Metadata (DCL)"
"425","pco2w_abc_dcl_metadata_recovered","7","20160","Engineering","Metadata (DCL)","Engineering Metadata (DCL)"
"426","pco2w_abc_dcl_power","7","20160","Engineering","Power Data (DCL)","Engineering Power Data (DCL)"
"427","pco2w_abc_dcl_power_recovered","7","20160","Engineering","Power Data (DCL)","Engineering Power Data (DCL)"
"428","phsen_abcdef_dcl_instrument","7","20160","Science","Data Products (DCL)","Science Data Products (DCL)"
"429","phsen_abcdef_dcl_instrument_recovered","7","20160","Science","Data Products (DCL)","Science Data Products (DCL)"
"430","phsen_abcdef_dcl_metadata","7","20160","Engineering","Metadata (DCL)","Engineering Metadata (DCL)"
"431","phsen_abcdef_dcl_metadata_recovered","7","20160","Engineering","Metadata (DCL)","Engineering Metadata (DCL)"
"432","nutnr_b_dcl_conc_instrument","7","20160","Science","Concentration ASCII Data Products (DCL)","Science Concentration ASCII Data Products (DCL)"
"433","nutnr_b_dcl_conc_instrument_recovered","7","10080","Science","Concentration ASCII Data Products (DCL)","Science Concentration ASCII Data Products (DCL)"
"434","nutnr_b_dcl_conc_metadata","7","20160","Engineering","Concentration ASCII Metadata (DCL)","Engineering Concentration ASCII Metadata (DCL)"
"435","nutnr_b_dcl_conc_metadata_recovered","7","20160","Engineering","Concentration ASCII Metadata (DCL)","Engineering Concentration ASCII Metadata (DCL)"
"436","presf_abc_dcl_tide_measurement","7","20160","Science","Tide Measurement Data Products (DCL)","Science Tide Measurement Data Products (DCL)"
"437","presf_abc_dcl_tide_measurement_recovered","7","20160","Science","Tide Measurement Data Products (DCL)","Science Tide Measurement Data Products (DCL)"
"438","presf_abc_dcl_wave_burst","7","20160","Science","Wave Burst Data Products (DCL)","Science Wave Burst Data Products (DCL)"
"439","presf_abc_dcl_wave_burst_recovered","7","20160","Science","Wave Burst Data Products (DCL)","Science Wave Burst Data Products (DCL)"
"444","adcps_jln_instrument","7","20160","Science","Data Products",NULL
"445","adcps_jln_beam_instrument","7","1440",NULL,NULL,NULL
"446","pco2a_a_dcl_instrument_air_recovered","7","20160","Science","In-Air Data Products (DCL)","Science In-Air Data Products (DCL)"
"447","pco2a_a_dcl_instrument_water_recovered","7","20160","Science","In-Water Data Products (DCL)","Science In-Water Data Products (DCL)"
"448","pco2a_a_dcl_metadata","7","20160",NULL,NULL,NULL
"449","pco2a_a_dcl_metadata_recovered","7","20160",NULL,NULL,NULL
"450","ctdmo_ghqr_imodem_metadata","7","20160","Engineering","Metadata (Inductive Modem)","Engineering Metadata (Inductive Modem)"
"451","ctdmo_ghqr_imodem_metadata_recovered","7","20160","Engineering","Metadata (Inductive Modem)","Engineering Metadata (Inductive Modem)"
"452","adcpt_acfgm_pd8_dcl_instrument","7","20160","Science","PD8 Format Data Products (DCL)","Science PD8 Format Data Products (DCL)"
"453","adcpt_acfgm_pd8_dcl_instrument_recovered","7","20160","Science","PD8 Format Data Products (DCL)","Science PD8 Format Data Products (DCL)"
"456","optaa_dj_dcl_instrument","7","10080","Science","Data Products (DCL)","Science Data Products (DCL)"
"457","optaa_dj_dcl_instrument_recovered","7","10080","Science","Data Products (DCL)","Science Data Products (DCL)"
"458","optaa_dj_dcl_metadata","7","20160","Engineering","Metadata (DCL)","Engineering Metadata (DCL)"
"459","optaa_dj_dcl_metadata_recovered","7","20160","Engineering","Metadata (DCL)","Engineering Metadata (DCL)"
"460","wavss_a_dcl_non_directional","7","20160","Science","Non Directional Data Products (DCL)","Science Non Directional Data Products (DCL)"
"461","wavss_a_dcl_non_directional_recovered","7","20160","Science","Non Directional Data Products (DCL)","Science Non Directional Data Products (DCL)"
"463","wavss_a_dcl_mean_directional","7","20160","Science","Mean Directional Data Products (DCL)","Science Mean Directional Data Products (DCL)"
"464","wavss_a_dcl_mean_directional_recovered","7","20160","Science","Mean Directional Data Products (DCL)","Science Mean Directional Data Products (DCL)"
"465","wavss_a_dcl_motion","7","20160","Science","Motion Data Products (DCL)","Science Motion Data Products (DCL)"
"466","wavss_a_dcl_motion_recovered","7","20160","Science","Motion Data Products (DCL)","Science Motion Data Products (DCL)"
"467","wavss_a_dcl_fourier","7","20160","Science","Fourier Data Products (DCL)","Science Fourier Data Products (DCL)"
"468","wavss_a_dcl_fourier_recovered","7","20160","Science","Fourier Data Products (DCL)","Science Fourier Data Products (DCL)"
"471","velpt_ab_dcl_instrument","7","20160","Science","Data Products (DCL)","Science Data Products (DCL)"
"472","velpt_ab_dcl_instrument_recovered","7","10080","Science","Data Products (DCL)","Science Data Products (DCL)"
"473","velpt_ab_dcl_diagnostics_metadata","7","20160","Engineering","Diagnostics Metadata (DCL)","Engineering Diagnostics Metadata (DCL)"
"474","velpt_ab_dcl_diagnostics_metadata_recovered","7","20160","Engineering","Diagnostics Metadata (DCL)","Engineering Diagnostics Metadata (DCL)"
"475","velpt_ab_dcl_diagnostics","7","20160","Engineering","Diagnostics Data (DCL)","Engineering Diagnostics Data (DCL)"
"476","velpt_ab_dcl_diagnostics_recovered","7","1440","Engineering","Diagnostics Data (DCL)","Engineering Diagnostics Data (DCL)"
"480","ctdmo_ghqr_instrument_recovered","7","20160","Science","Instrument Data Products","Science Instrument Data Products"
"481","ctdmo_ghqr_offset_recovered","7","20160","Engineering","Offset Data","Engineering Offset Data"
"482","ctdpf_ckl_mmp_cds_instrument","7","1440","Science","Data Products","Science Data Products"
"483","ctdpf_j_cspp_instrument","7","20160","Science","Data Products","Science Data Products"
"484","ctdpf_j_cspp_instrument_recovered","7","20160","Science","Data Products","Science Data Products"
"485","ctdpf_j_cspp_metadata","7","20160","Engineering","Metadata","Engineering Metadata"
"486","ctdpf_j_cspp_metadata_recovered","7","20160","Engineering","Metadata","Engineering Metadata"
"487","dosta_abcdjm_cspp_instrument","7","20160","Science","Data Products","Science Data Products"
"488","dosta_abcdjm_cspp_instrument_recovered","7","20160","Science","Data Products","Science Data Products"
"489","dosta_abcdjm_cspp_metadata","7","20160","Engineering","Metadata","Engineering Metadata"
"490","dosta_abcdjm_cspp_metadata_recovered","7","20160","Engineering","Metadata","Engineering Metadata"
"491","dosta_abcdjm_mmp_cds_instrument","7","20160","Science","Data Products","Science Data Products"
"492","dosta_abcdjm_sio_instrument","7","20160","Science","Data Products","Science Data Products"
"493","dosta_abcdjm_sio_instrument_recovered","7","20160","Science","Data Products","Science Data Products"
"494","dosta_abcdjm_sio_metadata","7","20160","Engineering","Metadata","Engineering Metadata"
"495","dosta_abcdjm_sio_metadata_recovered","7","20160","Engineering","Metadata","Engineering Metadata"
"496","dosta_ln_wfp_instrument_recovered","7","20160","Science","Data Products","Science Data Products"
"498","flcdr_x_mmp_cds_instrument","7","1440","Science","Data Products","Science Data Products"
"499","flntu_x_mmp_cds_instrument","7","1440","Science","Data Products","Science Data Products"
"500","flord_l_wfp_instrument_recovered","7","20160","Science","Data Products","Science Data Products"
"502","flort_dj_cspp_instrument","7","20160","Science","CSPP Data Products","Science CSPP Data Products"
"503","flort_dj_cspp_instrument_recovered","7","20160","Science","CSPP Data Products","Science CSPP Data Products"
"504","flort_dj_cspp_metadata","7","20160","Engineering","Metadata","Engineering Metadata"
"505","flort_dj_cspp_metadata_recovered","7","20160","Engineering","Metadata","Engineering Metadata"
"506","cg_cpm_eng_cpm","7","20160","Engineering","CPM Controller Status Data","Engineering CPM Controller Status Data"
"507","cg_cpm_eng_cpm_recovered","7","20160","Engineering","CPM Controller Status Data","Engineering CPM Controller Status Data"
"508","nutnr_b_instrument_recovered","7","1440","Science","Data Products","Science Data Products"
"509","nutnr_b_metadata_recovered","7","10080","Engineering","Metadata","Engineering Metadata"
"510","ctdmo_ghqr_sio_mule_instrument","7","20160","Science","Glider Mule Data Products","Science Glider Mule Data Products"
"511","ctdmo_ghqr_sio_offset","7","20160","Engineering","Glider Mule Offset Data","Engineering Glider Mule Offset Data"
"512","vel3d_l_wfp_instrument_recovered","7","1440","Science","Data Products","Science Data Products"
"513","vel3d_l_wfp_metadata_recovered","7","20160","Engineering","Metadata","Engineering Metadata"
"514","dpc_ctd_instrument","7","1440","Science","Data Products",NULL
"515","dpc_ctd_instrument_recovered","7","1440","Science","Data Products","Science Data Products"
"516","dpc_flnturtd_instrument","7","1440","Science","Data Products",NULL
"517","dpc_flnturtd_instrument_recovered","7","1440","Science","Data Products","Science Data Products"
"518","dpc_flcdrtd_instrument","7","1440","Science","Data Products",NULL
"519","dpc_flcdrtd_instrument_recovered","7","1440","Science","Data Products","Science Data Products"
"520","dpc_acm_instrument","7","1440","Science","Data Products",NULL
"521","dpc_acm_instrument_recovered","7","1440","Science","Data Products","Science Data Products"
"522","dpc_optode_instrument","7","1440","Science","Data Products",NULL
"523","dpc_optode_instrument_recovered","7","1440","Science","Data Products","Science Data Products"
"524","dpc_acs_instrument_recovered","7","1440","Science","Data Products","Science Data Products"
"526","velpt_ab_instrument_metadata_recovered","7","20160","Engineering","Instrument Metadata","Engineering Instrument Metadata"
"527","velpt_ab_instrument_recovered","7","1440","Science","Data Products","Science Data Products"
"528","velpt_ab_diagnostics_metadata_recovered","7","20160","Engineering","Instrument Diagnostics Metadata","Engineering Instrument Diagnostics Metadata"
"529","velpt_ab_diagnostics_recovered","7","1440","Engineering","Instrument Diagnostics Data","Engineering Instrument Diagnostics Data"
"530","vel3d_a_mmp_cds_instrument","7","1440",NULL,NULL,NULL
"531","optaa_ac_mmp_cds_instrument","7","1440","Science","Data Products","Science Data Products"
"532","cg_dcl_eng_dcl_msg_counts","7","20160","Engineering","Message Counts Data","Engineering Message Counts Data"
"533","cg_dcl_eng_dcl_msg_counts_recovered","7","20160","Engineering","Message Counts Data","Engineering Message Counts Data"
"534","cg_dcl_eng_dcl_cpu_uptime","7","20160","Engineering","CPU Uptime Data","Engineering CPU Uptime Data"
"535","cg_dcl_eng_dcl_cpu_uptime_recovered","7","20160","Engineering","CPU Uptime Data","Engineering CPU Uptime Data"
"536","cg_dcl_eng_dcl_error","7","20160","Engineering","Error Data","Engineering Error Data"
"537","cg_dcl_eng_dcl_error_recovered","7","20160","Engineering","Error Data","Engineering Error Data"
"538","cg_dcl_eng_dcl_gps","7","20160","Engineering","GPS Data","Engineering GPS Data"
"539","cg_dcl_eng_dcl_gps_recovered","7","20160","Engineering","GPS Data","Engineering GPS Data"
"540","cg_dcl_eng_dcl_pps","7","20160","Engineering","Pulse Data","Engineering Pulse Data"
"541","cg_dcl_eng_dcl_pps_recovered","7","20160","Engineering","Pulse Data","Engineering Pulse Data"
"542","cg_dcl_eng_dcl_superv","7","20160","Engineering","Leak Detect Data","Engineering Leak Detect Data"
"543","cg_dcl_eng_dcl_superv_recovered","7","20160","Engineering","Leak Detect Data","Engineering Leak Detect Data"
"544","cg_dcl_eng_dcl_dlog_mgr","7","20160","Engineering","Data Log Manager","Engineering Data Log Manager"
"545","cg_dcl_eng_dcl_dlog_mgr_recovered","7","20160","Engineering","Data Log Manager","Engineering Data Log Manager"
"546","cg_dcl_eng_dcl_dlog_status","7","20160","Engineering","Data Logger Status","Engineering Data Logger Status"
"547","cg_dcl_eng_dcl_dlog_status_recovered","7","20160","Engineering","Data Logger Status","Engineering Data Logger Status"
"548","cg_dcl_eng_dcl_dlog_aarm","7","20160","Engineering","Accelerometer Data","Engineering Accelerometer Data"
"549","cg_dcl_eng_dcl_dlog_aarm_recovered","7","20160","Engineering","Accelerometer Data","Engineering Accelerometer Data"
"550","cg_dcl_eng_dcl_status","7","20160","Engineering","DCL Status Data","Engineering DCL Status Data"
"551","cg_dcl_eng_dcl_status_recovered","7","20160","Engineering","DCL Status Data","Engineering DCL Status Data"
"552","adcpt_m_instrument_log9_recovered","7","1440","Science","LOG9 Data Products","Science LOG9 Data Products"
"553","adcpt_m_instrument_dspec_recovered","7","1440","Science","Directional Wave Spectra Data","Science Directional Wave Spectra Data"
"554","adcpt_m_instrument_fcoeff_recovered","7","1440","Science","F Coefficient Data","Science F Coefficient Data"
"555","adcpt_m_wvs_recovered","7","1440","Science","Wave Data Products","Science Wave Data Products"
"556","dpc_mmp_instrument","7","1440","Engineering","Data",NULL
"557","dpc_mmp_instrument_recovered","7","1440","Engineering","Data","Engineering Data"
"558","flort_dj_sio_instrument","7","1440","Science","Data Products","Science Data Products"
"559","flort_dj_sio_instrument_recovered","7","1440","Science","Data Products","Science Data Products"
"560","pco2w_abc_imodem_instrument","7","20160","Science","Data Products (Inductive Modem)","Science Data Products (Inductive Modem)"
"561","pco2w_abc_imodem_instrument_recovered","7","1440","Science","Data Products (Inductive Modem)","Science Data Products (Inductive Modem)"
"562","pco2w_abc_imodem_instrument_blank","7","1440","Science","Instrument Blank Data (Inductive Modem)","Science Instrument Blank Data (Inductive Modem)"
"563","pco2w_abc_imodem_instrument_blank_recovered","7","1440","Science","Instrument Blank Data (Inductive Modem)","Science Instrument Blank Data (Inductive Modem)"
"564","pco2w_abc_imodem_control","7","1440","Engineering","Control Data (Inductive Modem)","Engineering Control Data (Inductive Modem)"
"565","pco2w_abc_imodem_control_recovered","7","1440","Engineering","Control Data (Inductive Modem)","Engineering Control Data (Inductive Modem)"
"566","pco2w_abc_imodem_power","7","1440","Engineering","Power Data (Inductive Modem)","Engineering Power Data (Inductive Modem)"
"567","pco2w_abc_imodem_power_recovered","7","1440","Engineering","Power Data (Inductive Modem)","Engineering Power Data (Inductive Modem)"
"568","pco2w_abc_imodem_metadata","7","1440","Engineering","Metadata (Inductive Modem)","Engineering Metadata (Inductive Modem)"
"569","pco2w_abc_imodem_metadata_recovered","7","1440","Engineering","Metadata (Inductive Modem)","Engineering Metadata (Inductive Modem)"
"570","phsen_abcdef_imodem_instrument","7","20160","Science","Data Products (Inductive Modem)","Science Data Products (Inductive Modem)"
"571","phsen_abcdef_imodem_instrument_recovered","7","20160","Science","Data Products (Inductive Modem)","Science Data Products (Inductive Modem)"
"572","phsen_abcdef_imodem_control","7","20160","Engineering","Control Data (Inductive Modem)","Engineering Control Data (Inductive Modem)"
"573","phsen_abcdef_imodem_control_recovered","7","20160","Engineering","Control Data (Inductive Modem)","Engineering Control Data (Inductive Modem)"
"574","phsen_abcdef_imodem_metadata","7","20160","Engineering","Metadata (Inductive Modem)","Engineering Metadata (Inductive Modem)"
"575","phsen_abcdef_imodem_metadata_recovered","7","20160","Engineering","Metadata (Inductive Modem)","Engineering Metadata (Inductive Modem)"
"576","sio_eng_control_status_recovered","7","20160","Engineering","Control Status Data","Engineering Control Status Data"
"577","cspp_eng_cspp_dbg_pdbg_batt_eng","7","1440","Engineering","Profiler Debug Battery Data","Engineering Profiler Debug Battery Data"
"578","cspp_eng_cspp_dbg_pdbg_batt_eng_recovered","7","1440","Engineering","Profiler Debug Battery Data","Engineering Profiler Debug Battery Data"
"579","cspp_eng_cspp_dbg_pdbg_gps_eng","7","1440","Engineering","Profiler Debug GPS Data","Engineering Profiler Debug GPS Data"
"580","cspp_eng_cspp_dbg_pdbg_gps_eng_recovered","7","1440","Engineering","Profiler Debug GPS Data","Engineering Profiler Debug GPS Data"
"581","cspp_eng_cspp_dbg_pdbg_metadata","7","1440","Engineering","Profiler Debug Metadata","Engineering Profiler Debug Metadata"
"582","cspp_eng_cspp_dbg_pdbg_metadata_recovered","7","1440","Engineering","Profiler Debug Metadata","Engineering Profiler Debug Metadata"
"583","cspp_eng_cspp_wc_hmr_eng","7","1440","Engineering","Winch Controller Compass Data","Engineering Winch Controller Compass Data"
"584","cspp_eng_cspp_wc_hmr_eng_recovered","7","1440","Engineering","Winch Controller Compass Data","Engineering Winch Controller Compass Data"
"585","cspp_eng_cspp_wc_hmr_metadata","7","1440","Engineering","Winch Controller Metadata","Engineering Winch Controller Metadata"
"586","cspp_eng_cspp_wc_hmr_metadata_recovered","7","1440","Engineering","Winch Controller Metadata","Engineering Winch Controller Metadata"
"587","cspp_eng_cspp_wc_sbe_eng","7","1440","Engineering","Winch Controller Pressure and Velocity Data","Engineering Winch Controller Pressure and Velocity Data"
"588","cspp_eng_cspp_wc_sbe_eng_recovered","7","1440","Engineering","Winch Controller Pressure and Velocity Data","Engineering Winch Controller Pressure and Velocity Data"
"589","cspp_eng_cspp_wc_sbe_metadata","7","1440","Engineering","Winch Controller Pressure and Velocity Metadata","Engineering Winch Controller Pressure and Velocity Metadata"
"590","cspp_eng_cspp_wc_sbe_metadata_recovered","7","1440","Engineering","Winch Controller Pressure and Velocity Metadata","Engineering Winch Controller Pressure and Velocity Metadata"
"591","cspp_eng_cspp_wc_wm_eng","7","1440","Engineering","Winch Motor Data","Engineering Winch Motor Data"
"592","cspp_eng_cspp_wc_wm_eng_recovered","7","1440","Engineering","Winch Motor Data","Engineering Winch Motor Data"
"593","cspp_eng_cspp_wc_wm_metadata","7","1440","Engineering","Winch Motor Metadata","Engineering Winch Motor Metadata"
"594","cspp_eng_cspp_wc_wm_metadata_recovered","7","1440","Engineering","Winch Motor Metadata","Engineering Winch Motor Metadata"
"595","adcps_jln_stc_instrument_recovered","7","20160","Science","Data Products (STC)","Science Data Products (STC)"
"596","adcps_jln_stc_metadata_recovered","7","20160","Engineering","Metadata (STC)","Engineering Metadata (STC)"
"597","parad_j_cspp_instrument","7","20160","Science","Data Products","Science Data Products"
"598","parad_j_cspp_instrument_recovered","7","20160","Science","Data Products","Science Data Products"
"599","parad_j_cspp_metadata","7","20160","Engineering","Metadata","Engineering Metadata"
"600","parad_j_cspp_metadata_recovered","7","20160","Engineering","Metadata","Engineering Metadata"
"601","spkir_abj_cspp_instrument","7","20160","Science","Data Products","Science Data Products"
"602","spkir_abj_cspp_instrument_recovered","7","20160","Science","Data Products","Science Data Products"
"603","spkir_abj_cspp_metadata","7","20160","Engineering","Metadata","Engineering Metadata"
"604","spkir_abj_cspp_metadata_recovered","7","20160","Engineering","Metadata","Engineering Metadata"
"605","nutnr_j_cspp_instrument","7","1440","Science","Data Products","Science Data Products"
"606","nutnr_j_cspp_instrument_recovered","7","1440","Science","Data Products","Science Data Products"
"607","nutnr_j_cspp_metadata","7","1440","Engineering","Metadata","Engineering Metadata"
"608","nutnr_j_cspp_metadata_recovered","7","1440","Engineering","Metadata","Engineering Metadata"
"609","velpt_j_cspp_instrument","7","20160","Science","Data Products","Science Data Products"
"610","velpt_j_cspp_instrument_recovered","7","20160","Science","Data Products","Science Data Products"
"611","velpt_j_cspp_metadata","7","20160","Engineering","Metadata","Engineering Metadata"
"612","velpt_j_cspp_metadata_recovered","7","20160","Engineering","Metadata","Engineering Metadata"
"613","optaa_dj_cspp_instrument","7","20160","Science","Data Products","Science Data Products"
"614","optaa_dj_cspp_instrument_recovered","7","20160","Science","Data Products","Science Data Products"
"615","optaa_dj_cspp_metadata","7","20160","Engineering","Metadata","Engineering Metadata"
"616","optaa_dj_cspp_metadata_recovered","7","20160","Engineering","Metadata","Engineering Metadata"
"617","vel3d_cd_dcl_user_configuration","7","1440","Engineering","User Configuration (DCL)","Engineering User Configuration (DCL)"
"618","vel3d_cd_dcl_user_configuration_recovered","7","1440","Engineering","User Configuration (DCL)","Engineering User Configuration (DCL)"
"619","vel3d_cd_dcl_hardware_configuration","7","20160","Engineering","Hardware Configuration (DCL)","Engineering Hardware Configuration (DCL)"
"620","vel3d_cd_dcl_hardware_configuration_recovered","7","20160","Engineering","Hardware Configuration (DCL)","Engineering Hardware Configuration (DCL)"
"621","vel3d_cd_dcl_head_configuration","7","20160","Engineering","Header Configuration (DCL)","Engineering Header Configuration (DCL)"
"622","vel3d_cd_dcl_head_configuration_recovered","7","20160","Engineering","Header Configuration (DCL)","Engineering Header Configuration (DCL)"
"623","vel3d_cd_dcl_data_header","7","20160","Engineering","Data Header (DCL)","Engineering Data Header (DCL)"
"624","vel3d_cd_dcl_data_header_recovered","7","20160","Engineering","Data Header (DCL)","Engineering Data Header (DCL)"
"625","vel3d_cd_dcl_velocity_data","7","1440","Science","Data Products (DCL)","Science Data Products (DCL)"
"626","vel3d_cd_dcl_velocity_data_recovered","7","1440","Science","Data Products (DCL)","Science Data Products (DCL)"
"627","vel3d_cd_dcl_system_data","7","1440","Engineering","System Data (DCL)","Engineering System Data (DCL)"
"628","vel3d_cd_dcl_system_data_recovered","7","1440","Engineering","System Data (DCL)","Engineering System Data (DCL)"
"629","fdchp_a_dcl_instrument","7","20160","Science","Data Products (DCL)","Science Data Products (DCL)"
"630","fdchp_a_dcl_instrument_recovered","7","20160","Science","Data Products (DCL)","Science Data Products (DCL)"
"631","zplsc_metadata","7","20160",NULL,NULL,"Engineering Metadata"
"632","fuelcell_eng_dcl_recovered","7","1440","Engineering","Data (DCL)","Engineering Data (DCL)"
"633","fuelcell_eng_dcl_telemetered","7","1440","Engineering","Data (DCL)","Engineering Data (DCL)"
"634","osmoi_a_subcon_instrument_recovered","7","1440","Science","Data Products","Science Data Products"
"635","rasfl_a_subcon_instrument_recovered","7","1440","Science","Data Products","Science Data Products"
"636","ppsdn_a_subcon_instrument_recovered","7","1440","Science","Data Products","Science Data Products"
"637","flobn_c_upper_coil_recovered","7","1440","Science","Upper Coil Data Products","Science Upper Coil Data Products"
"638","flobn_c_lower_coil_recovered","7","1440","Science","Lower Coil Data Products","Science Lower Coil Data Products"
"639","flobn_m_position_x1_recovered","7","1440","Science","Position X1 Data","Science Position X1 Data"
"640","flobn_m_position_x2_recovered","7","1440","Science","Position X2 Data","Science Position X2 Data"
"641","flobn_m_position_y1_recovered","7","1440","Science","Position Y1 Data","Science Position Y1 Data"
"642","flobn_m_position_y2_recovered","7","1440","Science","Position Y2 Data","Science Position Y2 Data"
"643","flobn_m_position_z1_recovered","7","1440","Science","Position Z1 Data","Science Position Z1 Data"
"644","flobn_m_position_z2_recovered","7","1440","Science","Position Z2 Data","Science Position Z2 Data"
"645","flobn_m_position_z3_recovered","7","1440","Science","Position Z3 Data","Science Position Z3 Data"
"646","flobn_m_position_z4_recovered","7","1440","Science","Position Z4 Data","Science Position Z4 Data"
"647","flobn_m_position_z5_recovered","7","1440","Science","Position Z5 Data","Science Position Z5 Data"
"648","flobn_m_direction_x_flow_rate_recovered","7","1440","Science","X Flow Rate Data Products","Science X Flow Rate Data Products"
"649","flobn_m_direction_y_flow_rate_recovered","7","1440","Science","Y Flow Rate Data Products","Science Y Flow Rate Data Products"
"650","flobn_m_direction_z_flow_rate_recovered","7","1440","Science","Z Flow Rate Data Products","Science Z Flow Rate Data Products"
"651","flobn_m_ambient_temperature_recovered","7","1440","Science","Ambient Temperature Data Products","Science Ambient Temperature Data Products"
"652","hyd_o_dcl_instrument","7","1440","Engineering","Data (DCL)","Engineering Data (DCL)"
"653","hyd_o_dcl_instrument_recovered","7","1440","Engineering","Data (DCL)","Engineering Data (DCL)"
"654","adcpa_n_auv_instrument","7","1440","Science","AUV ADCP Data Products","Science AUV ADCP Data Products"
"655","flort_kn_auv_metadata","7","1440","Engineering","Metadata","Engineering Metadata"
"656","flort_kn_auv_metadata_recovered","7","1440","Engineering","Metadata","Engineering Metadata"
"657","flort_kn_auv_instrument","7","1440","Science","Data Products","Science Data Products"
"658","flort_kn_auv_instrument_recovered","7","1440","Science","Data Products","Science Data Products"
"659","dosta_ln_auv_instrument","7","1440","Science","Data Products","Science Data Products"
"660","dosta_ln_auv_instrument_recovered","7","1440","Science","Data Products","Science Data Products"
"661","ctdav_n_auv_instrument","7","1440","Science","Data Products","Science Data Products"
"662","ctdav_n_auv_instrument_recovered","7","1440","Science","Data Products","Science Data Products"
"663","parad_n_auv_instrument","7","1440","Science","Data Products","Science Data Products"
"664","parad_n_auv_instrument_recovered","7","1440","Science","Data Products","Science Data Products"
"665","fdchp_a_instrument_recovered","7","1440","Science","Data Products","Science Data Products"
"666","auv_eng_auv_imagenex_852","7","1440","Science","Echosounder Data Products","Science Echosounder Data Products"
"667","auv_eng_auv_imagenex_852_recovered","7","1440","Science","Echosounder Data Products","Science Echosounder Data Products"
"668","auv_eng_auv_digital_usbl","7","1440",NULL,NULL,NULL
"669","auv_eng_auv_digital_usbl_recovered","7","1440",NULL,NULL,NULL
"670","auv_eng_auv_tri_fin_motor","7","1440",NULL,NULL,NULL
"671","auv_eng_auv_tri_fin_motor_recovered","7","1440",NULL,NULL,NULL
"672","auv_eng_auv_emergency_board","7","1440",NULL,NULL,NULL
"673","auv_eng_auv_emergency_board_recovered","7","1440",NULL,NULL,NULL
"674","auv_eng_auv_oil_compensator","7","1440",NULL,NULL,NULL
"675","auv_eng_auv_oil_compensator_recovered","7","1440",NULL,NULL,NULL
"676","auv_eng_auv_smart_battery","7","1440",NULL,NULL,NULL
"677","auv_eng_auv_smart_battery_recovered","7","1440",NULL,NULL,NULL
"678","auv_eng_auv_digital_tx_board","7","1440",NULL,NULL,NULL
"679","auv_eng_auv_digital_tx_board_recovered","7","1440",NULL,NULL,NULL
"680","auv_eng_auv_fault_message","7","1440",NULL,NULL,NULL
"681","auv_eng_auv_fault_message_recovered","7","1440",NULL,NULL,NULL
"682","auv_eng_auv_state","7","1440",NULL,NULL,NULL
"683","auv_eng_auv_state_recovered","7","1440",NULL,NULL,NULL
"688","wavss_a_dcl_statistics","7","20160","Science","Statistics Data Products (DCL)","Science Statistics Data Products (DCL)"
"689","wavss_a_dcl_statistics_recovered","7","20160","Science","Statistics Data Products (DCL)","Science Statistics Data Products (DCL)"
"691","winch_cspp_eng","7","1440",NULL,NULL,"Engineering Winch Data"
"692","nutnr_n_auv_instrument","7","1440","Science","Data Products","Science Data Products"
"693","nutnr_n_instrument_recovered","7","1440","Science","Data Products","Science Data Products"
"694","nutnr_m_instrument_recovered","7","1440","Science","Data Products","Science Data Products"
"695","nutnr_m_glider_instrument","7","1440","Science","Data Products","Science Data Products"
"696","zplsc_c_instrument","7","20160",NULL,NULL,"Science Data Products"
"697","camhd_streaming_status","7","1440","Engineering","Streaming Status","Engineering Streaming Status"
"698","camhd_adread_status","7","1440","Engineering","Data","Engineering Data"
"699","metbk_hourly","3074","1440","Science","Flux Data Products Calculated From Hourly Averages","Science Hourly Averaged Data Products"
"700","ctdbp_cdef_dcl_instrument","7","1440","Science","Data Products (DCL)","Science Data Products (DCL)"
"701","ctdbp_cdef_dcl_instrument_recovered","7","1440","Science","Data Products (DCL)","Science Data Products (DCL)"
"702","dosta_abcdjm_ctdbp_dcl_instrument","7","1440","Science","Data Products (DCL)","Science Data Products (DCL)"
"703","dosta_abcdjm_ctdbp_dcl_instrument_recovered","7","1440","Science","Data Products (DCL)","Science Data Products (DCL)"
"704","ctdbp_cdef_instrument_recovered","7","1440","Science","Instrument Data Products","Science Instrument Data Products"
"705","dosta_abcdjm_ctdbp_instrument_recovered","7","1440","Science","Data Products","Science Data Products"
"706","flord_d_data_record","7","1440","Science","Data Products","Science Data Products"
"707","flord_d_status","7","1440","Engineering","Status Data","Engineering Status Data"
"708","nutnr_a_dark_sample","7","20160","Science","Dark Sample Data","Science Dark Sample Data"
"709","deep_profiler_dock_eng_data","7","1440",NULL,NULL,NULL
"710","deep_profiler_vehicle_eng_data","7","1440",NULL,NULL,NULL
"711","secondary_node_lpjbox_eng_data","7","1440",NULL,NULL,NULL
"712","secondary_node_port_eng_data","7","1440",NULL,NULL,NULL
"713","secondary_node_eng_data","7","1440",NULL,NULL,NULL
"714","shallow_profiler_winch_eng_data","7","1440",NULL,NULL,NULL
"715","shore_station_power_feed_equipment_eng_data","7","1440",NULL,NULL,NULL
"716","primary_node_eng_data","7","1440",NULL,NULL,NULL
"717","primary_node_port_eng_data","7","1440",NULL,NULL,NULL
"718","primary_node_out_of_band_port_data","7","1440",NULL,NULL,NULL
"719","shore_station_otn_sea_side_port_data","7","1440",NULL,NULL,NULL
"720","shore_station_force_10_network_port_data","7","1440",NULL,NULL,NULL
"721","shore_station_time_server_eng_data","7","1440",NULL,NULL,NULL
"722","shore_station_ups_status","7","1440",NULL,NULL,NULL
"723","shore_station_ups_line_eng_data","7","1440",NULL,NULL,NULL
"724","ctdbp_p_dcl_instrument","7","1440","Science","Data Products (DCL)","Science Data Products (DCL)"
"725","ctdbp_p_dcl_instrument_recovered","7","1440","Science","Data Products (DCL)","Science Data Products (DCL)"
"726","dosta_abcdjm_ctdbp_p_dcl_instrument","7","1440","Science","Data Products (DCL)","Science Data Products (DCL)"
"727","dosta_abcdjm_ctdbp_p_dcl_instrument_recovered","7","1440","Science","Data Products (DCL)","Science Data Products (DCL)"
"728","flord_g_ctdbp_p_dcl_instrument","7","1440","Science","Data Products (DCL)","Science Data Products (DCL)"
"729","flord_g_ctdbp_p_dcl_instrument_recovered","7","1440","Science","Data Products (DCL)","Science Data Products (DCL)"
"730","nutnr_b_dark_instrument_recovered","7","1440","Engineering","Dark Sample Data","Engineering Dark Sample Data"
"731","nutnr_b_dcl_dark_conc_instrument","7","1440","Science","Concentration ASCII Dark Sample Data (DCL)","Science Concentration ASCII Dark Sample Data (DCL)"
"732","nutnr_b_dcl_dark_conc_instrument_recovered","7","1440","Science","Concentration ASCII Dark Sample Data (DCL)","Science Concentration ASCII Dark Sample Data (DCL)"
"733","nutnr_b_dcl_dark_full_instrument","7","1440","Science","Full ASCII Dark Sample Data (DCL)","Science Full ASCII Dark Sample Data (DCL)"
"734","nutnr_b_dcl_dark_full_instrument_recovered","7","1440","Science","Full ASCII Dark Sample Data (DCL)","Science Full ASCII Dark Sample Data (DCL)"
"735","shore_station_otn_shore_side_port_data","7","1440",NULL,NULL,NULL
"736","antelope_metadata","7","1440","Engineering","Antelope Metadata","Engineering Antelope Metadata"
"737","nutnr_j_cspp_dark_instrument","7","1440","Science","Dark Sample Data","Science Dark Sample Data"
"738","nutnr_j_cspp_dark_instrument_recovered","7","1440","Science","Dark Sample Data","Science Dark Sample Data"
"739","nutnr_n_dark_instrument_recovered","7","1440","Science","Dark Sample Data","Science Dark Sample Data"
"740","nutnr_m_dark_instrument_recovered","7","1440","Science","Dark Sample Data","Science Dark Sample Data"
"741","botpt_nano_sample_15s","3655","1440",NULL,NULL,NULL
"742","botpt_nano_sample_24hr","3660","1440",NULL,NULL,NULL
"743","adcp_velocity_beam","7","720","Science","Beam Coordinate Data","Science Beam Coordinate Data"
"744","adcp_velocity_earth","7","720","Science","Earth Coordinates Data","Science Earth Coordinates Data"
"745","adcp_velocity_inst","7","720","Science","Instrument Data Products","Science Instrument Data Products"
"746","adcp_velocity_glider","7","720","Science","Glider Velocity Data","Science Glider Velocity Data"
"747","adcp_engineering","7","1440","Engineering","Data","Engineering Data"
"748","adcp_config","7","20160","Engineering","Configuration Data","Engineering Configuration Data"
"749","adcp_bottom_track_earth","7","1440","Science","Bottom Track Data in Earth Coordinates","Science Bottom Track Data in Earth Coordinates"
"750","adcp_bottom_track_inst","7","1440","Science","Bottom Track Data Products","Science Bottom Track Data Products"
"751","adcp_bottom_track_config","7","20160","Engineering","Bottom Track Configuration Data","Engineering Bottom Track Configuration Data"
"752","vadcp_velocity_beam","7","720","Science","Velocity Data Products","Science Velocity Data Products"
"753","vadcp_velocity_beam_5","7","720","Science","Beam 5 Data Products","Science Beam 5 Data Products"
"754","adcp_engineering_5","7","20160","Engineering","Data - 5 Beam","Engineering Data - 5 Beam"
"755","adcp_config_5","7","20160","Engineering","Configuration Data - 5 Beam","Engineering Configuration Data - 5 Beam"
"756","adcp_compass_calibration_5","7","20160","Calibration","Compass Data - 5 Beam","Calibration Compass Data - 5 Beam"
"757","adcp_system_configuration_5","7","20160","Engineering","System Configuration Data - 5 Beam","Engineering System Configuration Data - 5 Beam"
"758","adcp_ancillary_system_data_5","7","20160","Engineering","Ancillary System Data - 5 Beam","Engineering Ancillary System Data - 5 Beam"
"759","adcp_transmit_path_5","7","20160","Engineering","Transmit Path Data - 5 Beam","Engineering Transmit Path Data - 5 Beam"
"760","camhd_metadata","7","1440","Engineering","Metadata","Engineering Metadata"
"761","glider_gps_position","7","1440","Engineering","GPS Position Data","Engineering GPS Position Data"
"762","cspp_eng_dcl_modem","7","1440","Engineering","Winch Motor Metadata",NULL
"763","cspp_eng_dcl_eng_data","7","1440","Engineering","Winch Motor Metadata",NULL
"764","cspp_eng_dcl_summary","7","1440","Engineering","Winch Motor Metadata",NULL
"765","cspp_eng_dcl_profile","7","1440","Engineering","Winch Motor Metadata",NULL
"766","presf_abc_tide_measurement_recovered","7","1440","Science","Wave Burst Data Products (DCL)","Science Tide Measurement Data Products"
"767","presf_abc_wave_burst_recovered","7","1440","Science","Wave Burst Data Products (DCL)","Science Wave Burst Data Products"
"768","dosta_abcdjm_ctdbp_p_instrument_recovered","7","1440","Science","Data Products",NULL
"769","flord_g_ctdbp_p_instrument_recovered","7","1440","Science","Data Products",NULL
"770","flort_o_glider_data","7","1440","Science","Data Products",NULL
"771","botpt_nano_sample_15sec","7","80640",NULL,NULL,NULL
"772","botpt_nano_sample_24hour","7","525600",NULL,NULL,NULL
"773","zplsc_c_recovered","7","1440",NULL,NULL,NULL
"9901","camds_video",NULL,NULL,NULL,NULL,"Science Video Data Products"
"9902","iris",NULL,NULL,NULL,NULL,NULL
"9903","ppsdn_status",NULL,NULL,NULL,NULL,NULL
"9904","rasfl_status",NULL,NULL,NULL,NULL,NULL
